date,ticker,rank,momentum_score,themes,forward_return,verdict,confidence,reasoning,llm_cost,llm_latency_sec
2023-07-03,IREN,1,1.0,ai,0.18771331058020468,accept,0.9,"IREN is a publicly traded Bitcoin mining company with a clear business model, sufficient market capitalization, and active trading, making it suitable for LLM analysis within the specified parameters.",3.75e-05,5.336638792185113
2023-07-03,ACMR,2,0.9205716685608907,quantum,-0.050468637346791634,accept,0.9,"The company has a coherent business model in semiconductor equipment, a sensible market capitalization, and sufficient trading history and fundamental context for LLM analysis.",3.75e-05,3.9365519580896944
2023-07-03,JOBY,3,0.8610173060504694,ai,-0.020579981290925975,accept,0.9,"JOBY has a well-defined, actively traded business model with sufficient market presence and available fundamental context for LLM analysis.",3.75e-05,5.5599486250430346
2023-07-03,MARA,4,0.8458222956751037,ai,0.08354755784061685,accept,0.9,"MARA is a well-known, actively traded company with a clear business model and sufficient market context for deep LLM analysis.",3.75e-05,4.644035500008613
2023-07-03,HUT,5,0.8420576853569145,ai,0.024590163934426146,accept,0.9,"Hut 8 has a coherent, well-known business model in cryptocurrency mining with sufficient market capitalization and trading activity for LLM analysis.",3.75e-05,5.673537624999881
2023-07-05,HUT,1,0.9,ai,0.24860335195530747,accept,0.9,"Hut 8 Mining Corp has a well-known business model, a sensible market capitalization, active trading, and ample fundamental context for deep LLM analysis.",3.75e-05,4.692512208828703
2023-07-05,IREN,2,0.9,ai,0.27257799671592786,accept,0.85,"Iris Energy has a clear business model, sufficient trading history and liquidity, and available fundamental context for LLM analysis.",3.75e-05,7.6294473328161985
2023-07-05,IONQ,3,0.8500538172859983,quantum,0.08803611738149009,accept,0.9,"IONQ has a well-defined, actively traded business model within a sensible market cap range, with ample fundamental data for LLM analysis.",3.75e-05,4.01643033279106
2023-07-05,JOBY,4,0.8388495902808463,ai,0.14038876889848817,accept,0.9,"Joby Aviation has a coherent, well-known business model in an emerging sector, sufficient market capitalization and trading history, and ample fundamental context for LLM analysis.",3.75e-05,4.830169583903626
2023-07-05,MARA,5,0.8229588977702834,ai,0.25979112271540483,accept,0.9,"Marathon Digital Holdings has a well-defined business model, active trading, and ample fundamental data, making it suitable for deep LLM analysis.",3.75e-05,4.106963917147368
2023-07-06,HUT,1,0.8920799316335093,ai,0.09473684210526323,accept,0.9,"Hut 8 Mining has a clear business model, sensible market capitalization, active trading, and sufficient fundamental context for LLM analysis.",3.75e-05,3.2068298750091344
2023-07-06,JOBY,2,0.8866230121608981,ai,0.032494758909853205,accept,0.9,"JOBY has a clear, emerging business model, a sensible market capitalization, and sufficient trading history and fundamental context for LLM analysis.",3.75e-05,3.8031782920006663
2023-07-06,IREN,3,0.8626349290251475,ai,0.0704647676161918,accept,0.8,"Iris Energy has a coherent business model as a Bitcoin miner, sufficient trading history, and likely adequate fundamental context for LLM analysis, despite its market capitalization being at the lower end of the preferred range.",3.75e-05,5.529512583045289
2023-07-06,MARA,4,0.8420934998540721,ai,0.15315890236119967,accept,0.9,"Marathon Digital Holdings has a well-known business model, sensible market capitalization, active trading, and ample fundamental context for LLM analysis.",3.75e-05,3.984048208920285
2023-07-06,ACMR,5,0.7996626436593047,quantum,-0.0052238805970149516,accept,0.9,"ACMR has a well-established semiconductor equipment business, appropriate market capitalization, active trading, and sufficient fundamental context for deep LLM analysis.",3.75e-05,3.942108124960214
2023-07-07,HUT,1,1.0,ai,-0.027918781725888353,accept,0.8,"Hut 8 Mining has a coherent business model as a cryptocurrency miner, sufficient market capitalization and liquidity, and ample public information for LLM analysis.",3.75e-05,4.431581208016723
2023-07-07,IREN,2,1.0,ai,-0.0028368794326240065,accept,0.8,"Iris Energy has a coherent Bitcoin mining business model, sufficient trading history and fundamental context for LLM analysis, and its market capitalization is generally above micro-cap thresholds.",3.75e-05,6.102089625084773
2023-07-07,RIOT,3,0.9151580617856789,ai,0.09608540925266906,accept,0.9,"RIOT has a well-known business model, sensible market capitalization, active trading, and ample fundamental context for LLM analysis.",3.75e-05,3.698801667196676
2023-07-07,MARA,4,0.8984219466575415,ai,0.02009456264775422,accept,0.9,"MARA has a well-known business model as a Bitcoin miner, a sensible market capitalization, active trading, and ample fundamental context for LLM analysis.",3.75e-05,4.022728791926056
2023-07-07,JOBY,5,0.8110740532649591,ai,0.0009823182711197198,accept,0.9,"JOBY has a coherent, well-known business model in an emerging sector, a sensible market capitalization, and sufficient trading history and public information for LLM analysis.",3.75e-05,4.7824101250153035
2023-07-10,IREN,1,1.0,ai,-0.004444444444444473,uncertain,0.7,"While IREN has a coherent business model and strong momentum, its market capitalization is below the preferred $500M threshold for sensible size, introducing some uncertainty regarding its suitability for deep LLM analysis.",3.75e-05,6.818734999978915
2023-07-10,RIOT,2,0.927322096244297,ai,0.04397487150199875,accept,0.9,"RIOT has a coherent business model as a Bitcoin mining company, a sensible market capitalization, active trading volume, and sufficient fundamental context for LLM analysis.",3.75e-05,4.539972667116672
2023-07-10,HUT,3,0.9,ai,0.01333333333333342,accept,0.9,"Hut 8 Mining has a well-defined business model, appropriate market capitalization, and sufficient public trading history and fundamental context for LLM analysis.",3.75e-05,4.038228125078604
2023-07-10,MARA,4,0.8583344455342682,ai,-0.03335250143760793,accept,0.9,"MARA has a well-known business model, sufficient market capitalization, active trading, and ample fundamental context for deep LLM analysis.",3.75e-05,5.067632750142366
2023-07-10,UPST,5,0.8436345566433118,ai,0.2514497796334958,accept,0.9,"Upstart (UPST) is an actively traded, mid-cap AI lending platform with a well-known business model and ample fundamental data for deep LLM analysis.",3.75e-05,5.172964750090614
2023-07-11,RKLB,1,0.9342992756218007,ai,0.3064250411861613,accept,0.9,"Rocket Lab has a clear business model, sufficient market capitalization and trading history, and ample fundamental context for LLM analysis.",3.75e-05,3.5500154169276357
2023-07-11,RIOT,2,0.9212167618427904,ai,0.07252124645892355,accept,0.9,"RIOT is a well-known, actively traded company with a clear business model (Bitcoin mining), sufficient market capitalization, and ample fundamental data for LLM analysis.",3.75e-05,4.160781458951533
2023-07-11,UPST,3,0.9,ai,0.32486388384754994,accept,0.9,"Upstart has a well-defined AI lending business model, sufficient market capitalization, active trading, and ample fundamental data for deep LLM analysis.",3.75e-05,3.873163958080113
2023-07-11,HUT,4,0.8951776649746194,ai,0.01866666666666683,accept,0.9,"Hut 8 Mining Corp has a coherent business model, sensible market capitalization, active trading, and ample fundamental context for LLM analysis.",3.75e-05,4.706640499876812
2023-07-11,IONQ,5,0.8065016164299547,quantum,0.05434782608695654,accept,0.9,"IONQ has a coherent business model in quantum computing, a sensible market capitalization, active trading, and sufficient fundamental context for LLM analysis.",3.75e-05,3.3984843341168016
2023-07-12,RXRX,1,0.9102130222641205,ai,0.1909931644551668,accept,0.9,"RXRX is a well-known biotech company with a coherent AI-driven business model, sensible market capitalization, active trading, and ample fundamental context for LLM analysis.",3.75e-05,3.7381056658923626
2023-07-12,RIOT,2,0.8216294701960792,ai,-0.08969935929029083,accept,0.9,"Riot Platforms (RIOT) is an established, actively traded company with a clear business model, sufficient market capitalization, and ample fundamental context for LLM analysis.",3.75e-05,22.430531250080094
2023-07-12,HUT,3,0.7951116062002727,ai,-0.1923937360178971,accept,0.85,"HUT 8 Mining has a well-defined business model, sufficient market capitalization and liquidity, and ample public data for LLM analysis.",3.75e-05,6.096958625130355
2023-07-12,IONQ,4,0.7936466909985666,quantum,0.03181189488243419,accept,0.9,"IONQ has a well-defined, actively traded business model within a sensible market cap range, supported by ample fundamental context for LLM analysis.",3.75e-05,3.9723048750311136
2023-07-12,UPST,5,0.7913560198494246,ai,0.16856540084388194,accept,0.9,"Upstart has a well-known AI-driven lending business model, a sensible market capitalization, active trading, and ample fundamental context for deep LLM analysis.",3.75e-05,3.10204558307305
2023-07-13,CIFR,1,0.9640157888292973,ai,-0.11608961303462328,accept,0.9,"CIFR has a coherent business model, a sensible market capitalization, active trading, and sufficient fundamental context for deep LLM analysis.",3.75e-05,4.2927927079144865
2023-07-13,RIOT,2,0.9497686146813198,ai,-0.03870292887029303,accept,0.9,"RIOT is a well-known, actively traded company with sufficient market capitalization and available fundamental context for deep LLM analysis, despite its volatile nature and potential short interest.",3.75e-05,4.87469791690819
2023-07-13,HUT,3,0.9404516347376193,ai,-0.12740384615384626,accept,0.9,"Hut 8 Mining Corp. has a coherent and well-known business model, sensible market capitalization, and active trading history, making it suitable for LLM analysis.",3.75e-05,4.140307999914512
2023-07-13,CAMT,4,0.9084416797536041,"quantum,semis",0.07822048398924486,accept,0.95,"Camtek is an established semiconductor equipment company with a clear business model, sensible market capitalization, active trading, and ample fundamental context for deep LLM analysis.",3.75e-05,5.7833879590034485
2023-07-13,RXRX,5,0.8929049047978657,ai,0.30000000000000004,accept,0.9,"RXRX represents a well-established, actively traded biotech company with a clear business model and sufficient public data for deep LLM analysis.",3.75e-05,3.957803042139858
2023-07-14,CAMT,1,0.9775195152760612,"quantum,semis",0.016419981498612346,accept,0.95,"Camtek (CAMT) is an established semiconductor equipment company with a sensible market cap, active trading, and ample fundamental context, making it suitable for deep LLM analysis.",3.75e-05,5.448891374981031
2023-07-14,AEHR,2,0.9319795333666809,quantum,-0.06287138202031817,accept,0.9,"AEHR has a coherent business model in the semiconductor industry, a sensible market capitalization, active trading, and ample fundamental context for LLM analysis.",3.75e-05,3.4354316662065685
2023-07-14,HUT,3,0.8431022060346438,ai,-0.09399477806788492,accept,0.9,"HUT has a coherent, well-known business model as a Bitcoin miner, sufficient market capitalization and liquidity, and ample fundamental context for LLM analysis.",3.75e-05,5.570154208922759
2023-07-14,IONQ,4,0.8262548821012125,quantum,-0.03422818791946303,accept,0.9,"IONQ represents a well-known, actively traded company with a sensible market cap and sufficient fundamental context for LLM analysis, despite its origin as a SPAC.",3.75e-05,3.500853084027767
2023-07-14,RIOT,5,0.8151796079327144,ai,-0.05681818181818188,accept,0.9,"RIOT has a well-known business model, sensible market capitalization, active trading, and ample fundamental context for deep LLM analysis.",3.75e-05,4.464143665973097
2023-07-17,CAMT,1,0.9822141580154882,"quantum,semis",-0.003847894975101851,accept,0.9,"Camtek is an established semiconductor equipment company with a sensible market cap, active trading, and ample fundamental context suitable for LLM analysis.",3.75e-05,4.296557541005313
2023-07-17,AEHR,2,0.9653218969510253,quantum,0.025904686573066993,accept,0.9,"AEHR has a coherent business model in semiconductor test equipment, a suitable market capitalization, and sufficient trading activity and fundamental context for deep LLM analysis.",3.75e-05,4.541360167087987
2023-07-17,UPST,3,0.9353609427033562,ai,0.16756255792400365,accept,0.9,"Upstart has a well-known AI lending business model, sensible market capitalization, active trading, and ample fundamental context for LLM analysis.",3.75e-05,5.503669708967209
2023-07-17,RXRX,4,0.9333333333333333,ai,0.0755685986793837,accept,0.9,"RXRX represents a coherent AI-driven biotech business with a suitable market capitalization, active trading, and sufficient fundamental context for deep LLM analysis.",3.75e-05,3.8673504169564694
2023-07-17,HUT,5,0.7948232212682349,ai,-0.09210526315789469,accept,0.9,"Hut 8 Mining Corp is an established, publicly traded company with a clear business model, sufficient market capitalization, and available fundamental data for LLM analysis.",3.75e-05,4.477842791005969
2023-07-18,RKLB,1,1.0,ai,-0.09962168978562425,accept,0.9,"Rocket Lab has a well-established business model, sufficient market capitalization and liquidity, and ample fundamental context for deep LLM analysis.",3.75e-05,4.3777975828852504
2023-07-18,CAMT,2,0.9753846991847481,"quantum,semis",0.028252449305080862,accept,0.9,"Camtek is a well-established semiconductor equipment company with a sensible market cap, active trading, and ample fundamental context, making it tractable for deep LLM analysis.",3.75e-05,2.957492583896965
2023-07-18,RXRX,3,0.8883521370201386,ai,-0.14060529634300123,accept,0.9,"Recursion Pharmaceuticals (RXRX) has a coherent AI-driven biotech business model, a suitable market capitalization, active trading, and ample fundamental context for LLM analysis.",3.75e-05,3.6688213339075446
2023-07-18,IMVT,4,0.856067172530774,biotech,-0.07167530224525043,accept,0.9,"Immunovant is an established clinical-stage biotech with a sensible market capitalization and active trading, providing sufficient context for LLM analysis.",3.75e-05,3.5000457500573248
2023-07-18,UPST,5,0.8379377548303902,ai,0.09863013698630141,reject,0.9,"Upstart is heavily shorted with a contentious business model thesis, making it better deferred for this pipeline's deep LLM analysis.",3.75e-05,5.542181625030935
2023-07-19,UPST,1,1.0,ai,0.06409099115363781,accept,0.9,"Upstart has a well-known AI lending business model, sensible market capitalization, active trading, and ample fundamental context for LLM analysis.",3.75e-05,6.29544366709888
2023-07-19,RKLB,2,1.0,ai,-0.13828425096030716,accept,0.95,"Rocket Lab (RKLB) has a well-established business model in the space industry, a sensible market capitalization, active trading, and ample fundamental context for deep LLM analysis.",3.75e-05,3.4310025421436876
2023-07-19,RXRX,3,0.9333333333333333,ai,-0.12829169480081026,accept,0.9,"Recursion Pharmaceuticals has a coherent AI-driven drug discovery business model, a sensible market capitalization, and sufficient trading history and fundamental context for LLM analysis.",3.75e-05,5.564075333997607
2023-07-19,IREN,4,0.8587217076921262,ai,-0.07121661721068251,accept,0.9,"Iris Energy (IREN) has a coherent business model as a Bitcoin miner, operates at a sensible market cap, is actively traded, and has available fundamental context for LLM analysis.",3.75e-05,5.806688416050747
2023-07-19,CAMT,5,0.822610967408153,"quantum,semis",0.0994263862332696,accept,0.95,"Camtek Ltd. (CAMT) is a well-established semiconductor equipment company with a sensible market capitalization and active trading, providing ample fundamental context for LLM analysis.",3.75e-05,7.374114624923095
2023-07-20,UPST,1,0.8942961480348274,ai,0.20324903082887213,reject,0.9,"Despite meeting most accept criteria, UPST is heavily shorted with a contentious thesis, which is explicitly listed as a reject-worthy characteristic for this pipeline.",3.75e-05,11.726690124953166
2023-07-20,RXRX,2,0.8816618465456563,ai,-0.1519069166127991,accept,0.9,"RXRX (Recursion Pharmaceuticals) is an active, mid-cap biotechnology company with a clear AI-driven business model and sufficient fundamental context for LLM analysis.",3.75e-05,2.93323070788756
2023-07-20,RKLB,3,0.856011448631734,ai,-0.053333333333333344,accept,0.95,"Rocket Lab (RKLB) has a well-established business model, sufficient market capitalization, active trading, and ample fundamental context for deep LLM analysis.",3.75e-05,3.597409832989797
2023-07-20,CAMT,4,0.8542533886617368,"quantum,semis",0.07209249603264567,accept,0.9,"CAMT operates in the well-established semiconductor industry, indicating a coherent business model and likely sufficient trading activity and fundamental data for LLM analysis.",3.75e-05,4.864489583065733
2023-07-20,IREN,5,0.803829830111921,ai,-0.03550295857988173,accept,0.9,"Iris Energy (IREN) has a coherent business model as a Bitcoin miner, sufficient trading history, and available fundamental context, making it suitable for LLM analysis in a momentum pipeline.",3.75e-05,5.670566666172817
2023-07-21,CAMT,1,0.8788451020672853,"quantum,semis",0.08327645051194521,accept,0.95,"Camtek is an established semiconductor equipment company with a clear business model, suitable market capitalization, active trading, and ample fundamental context for LLM analysis.",3.75e-05,3.277728083077818
2023-07-21,RXRX,2,0.8757845225538604,ai,-0.011204481792717047,accept,0.9,"Recursion Pharmaceuticals has a clear business model leveraging AI in drug discovery, a suitable market capitalization, and sufficient trading history and fundamental context for LLM analysis.",3.75e-05,3.9588642078451812
2023-07-21,RKLB,3,0.8626523497647416,ai,-0.0027063599458727605,accept,0.95,"Rocket Lab has a clear business model, sufficient market cap and liquidity, established trading history, and available fundamental context suitable for LLM analysis.",3.75e-05,4.022719291038811
2023-07-21,UPST,4,0.7901310710103915,ai,0.2805741983594332,accept,0.9,"Upstart has a well-defined AI lending business model, a suitable market capitalization, active trading, and ample fundamental context for deep LLM analysis.",3.75e-05,4.146442374913022
2023-07-21,ALGM,5,0.7377615719147474,semis,0.0779030910609857,accept,0.9,"ALGM operates in the well-known semiconductor industry, shows active trading with a strong momentum score, and likely has sufficient public information for LLM analysis.",3.75e-05,5.544699292164296
2023-07-24,CAMT,1,0.8740094677292813,"quantum,semis",0.06907521017950469,accept,0.95,"CAMT is a well-established semiconductor equipment company with a sensible market cap, active trading, and ample fundamental context, making it suitable for deep LLM analysis.",3.75e-05,4.240565874846652
2023-07-24,APLD,2,0.794199418609431,ai,-0.095703125,accept,0.9,"The company operates in a well-known sector (AI data centers), has a sensible market capitalization, and likely possesses sufficient trading activity and fundamental context for LLM analysis.",3.75e-05,4.068657584022731
2023-07-24,RKLB,3,0.7833796771872511,ai,-0.047244094488189003,accept,0.9,"Rocket Lab has a well-defined business model, sufficient market capitalization and trading history, and ample fundamental context for LLM analysis.",3.75e-05,3.510706542059779
2023-07-24,RXRX,4,0.7782109785809812,ai,-0.057639836289222424,accept,0.9,"Recursion Pharmaceuticals has a clear AI-driven business model, a sensible market capitalization, active trading, and ample fundamental context for deep LLM analysis.",3.75e-05,4.8202533749863505
2023-07-24,UPST,5,0.7565376620341222,ai,0.14446737577393232,reject,0.9,"Upstart is heavily shorted with a contentious business thesis, making it better deferred for this pipeline's analysis.",3.75e-05,6.693676916882396
2023-07-25,UPST,1,1.0,ai,0.05969451371571077,accept,0.9,"Upstart has a well-known AI-driven business model, a sensible market capitalization, active trading, and ample fundamental context for LLM analysis.",3.75e-05,3.179155042162165
2023-07-25,APLD,2,0.9068585899564177,ai,-0.16099999999999992,accept,0.9,"Applied Digital Corporation has a clear business model in AI/HPC data centers, suitable market capitalization, and active trading, making it tractable for LLM analysis.",3.75e-05,6.4275863748043776
2023-07-25,RKLB,3,0.8598639454606822,ai,-0.022408963585434094,accept,0.95,"RKLB has a well-known business model, sensible market capitalization, active trading, and ample fundamental context for deep LLM analysis.",3.75e-05,4.331134916981682
2023-07-25,CAMT,4,0.8582983104546619,"quantum,semis",0.012851761577664433,accept,0.9,"CAMT, as a semiconductor company with strong momentum metrics, likely possesses a coherent business model, sufficient liquidity, and available fundamental context for deep LLM analysis.",3.75e-05,6.062708457931876
2023-07-25,AEHR,5,0.8419983934940163,quantum,-0.02493668420027273,accept,0.9,"Aehr Test Systems has a coherent business model in semiconductor testing, a sensible market capitalization, and sufficient fundamental context for LLM analysis.",3.75e-05,4.324736750219017
2023-07-26,CAMT,1,0.9660911247841195,"quantum,semis",0.026086956521739202,accept,0.95,"Camtek is an established semiconductor equipment company with a clear business model, sufficient market capitalization, active trading, and available fundamental context suitable for deep LLM analysis.",3.75e-05,4.845759583171457
2023-07-26,RKLB,2,0.8578727517561313,ai,0.04457652303120363,accept,0.9,"RKLB has a coherent business model, sensible market capitalization, active trading, and ample fundamental context for LLM analysis.",3.75e-05,3.877963875187561
2023-07-26,APLD,3,0.8519233482017383,ai,-0.19658976930792382,accept,0.9,"AppLovin (APLD) is a well-established mobile app technology company with a sensible market capitalization, active trading, and ample fundamental context for LLM analysis.",3.75e-05,3.483559582848102
2023-07-26,UPST,4,0.845797654760115,ai,0.15727858839497788,accept,0.9,"Upstart (UPST) has a well-known AI lending business model, a sensible market capitalization, active trading, and ample fundamental context for deep LLM analysis.",3.75e-05,4.065717207966372
2023-07-26,IONQ,5,0.7859780593234319,quantum,0.17772054088860267,accept,0.9,"IONQ represents a coherent, actively traded business in an emerging sector with sufficient market presence and data for LLM analysis.",3.75e-05,3.8462310840841383
2023-07-27,UPST,1,0.8276207403328095,ai,-0.0683491868671372,accept,0.9,"Upstart has a well-known AI-driven lending business model, a sensible market capitalization, active trading, and ample fundamental context for LLM analysis.",3.75e-05,4.973806250141934
2023-07-27,ONTO,2,0.8206724004851942,"quantum,semis",-0.03061558611656834,accept,0.9,"ONTO is a well-established semiconductor equipment company with a sensible market cap, active trading, and ample fundamental context, making it highly tractable for deep LLM analysis.",3.75e-05,2.82879045791924
2023-07-27,AEIS,3,0.752222757174592,semis,-0.0681743149554308,accept,0.9,"AEIS is an established semiconductor equipment company with a coherent business model, sensible market capitalization, and sufficient trading activity and fundamental context for deep LLM analysis.",3.75e-05,3.6421389169991016
2023-07-27,IONQ,4,0.7409053540241048,quantum,-0.030117122141661956,accept,0.9,"IONQ is an actively traded, mid-cap company in a coherent, albeit emerging, high-tech sector with available fundamental data for LLM analysis.",3.75e-05,3.5331024168990552
2023-07-27,CAMT,5,0.7368442721958576,"quantum,semis",-0.007401141890463148,accept,0.95,"Camtek Ltd. is a well-established semiconductor equipment company with a sensible market capitalization and active trading, providing ample fundamental context for deep LLM analysis.",3.75e-05,4.073814250063151
2023-07-28,IONQ,1,0.8946602531679028,quantum,-0.19064935064935062,accept,0.9,"IONQ has an established, albeit emerging, business model in quantum computing, sufficient market capitalization and trading history, and available fundamental data for LLM analysis.",3.75e-05,4.1079623331315815
2023-07-28,AUPH,2,0.8534115645389057,biotech,-0.15803108808290156,accept,0.9,"AUPH is a well-established biotech company with a sensible market capitalization, active trading, and sufficient fundamental context for deep LLM analysis.",3.75e-05,3.4627232919447124
2023-07-28,CAMT,3,0.851267238872005,"quantum,semis",0.0004200798151650087,accept,0.9,"Camtek is an established semiconductor company with a sensible market cap, active trading, and ample fundamental context, making it suitable for deep LLM analysis.",3.75e-05,3.1356119168922305
2023-07-28,UPST,4,0.8243954122587981,ai,-0.24341243266851065,accept,0.9,"Upstart has a well-established AI-driven lending business model, sufficient market capitalization, active trading, and ample fundamental data for LLM analysis.",3.75e-05,3.4039162918925285
2023-07-28,ONTO,5,0.8164935392187156,"quantum,semis",-0.01962676962676957,accept,0.9,"Onto Innovation is a well-established semiconductor company with a clear business model, sufficient market capitalization, active trading, and readily available fundamental data, making it suitable for deep LLM analysis.",3.75e-05,3.2075898330658674
2023-07-31,ACHR,1,1.0,ai,-0.12824427480916034,accept,0.9,"Archer Aviation has a coherent business model in the eVTOL space, a sensible market capitalization, active trading, and sufficient fundamental context for LLM analysis.",3.75e-05,3.9435404168907553
2023-07-31,CAMT,2,0.9573791060140442,"quantum,semis",0.009139213602550544,accept,0.95,"Camtek Ltd. is a well-established semiconductor equipment company with a sensible market cap, active trading, and ample fundamental context for LLM analysis.",3.75e-05,5.711011040955782
2023-07-31,IONQ,3,0.8150550812476608,quantum,-0.22809667673716005,accept,0.9,"IONQ has an established, coherent business model in quantum computing, a sensible market capitalization, active trading, and ample fundamental context for LLM analysis.",3.75e-05,4.325002042111009
2023-07-31,AEIS,4,0.8099991360156851,semis,-0.08728080615726419,accept,0.95,"AEIS is an established semiconductor equipment company with a sensible market cap, active trading, and ample fundamental context for LLM analysis.",3.75e-05,6.479286917019635
2023-07-31,UPST,5,0.7906368875675226,ai,-0.28214731585518105,accept,0.85,"Upstart has a well-known AI lending business model, sufficient market cap and liquidity, and ample fundamental context for deep LLM analysis, despite its contentious short thesis.",3.75e-05,4.684375667013228
2023-08-01,ACHR,1,0.8372341796190149,ai,-0.10140405616224657,accept,0.9,"Archer Aviation (ACHR) has a coherent, well-known business model in eVTOL, a sensible market capitalization, active trading, and sufficient fundamental context for LLM analysis despite its speculative nature.",3.75e-05,19.726705083157867
2023-08-01,IONQ,2,0.8135071352618218,quantum,-0.20949263502454984,accept,0.9,"IONQ has a coherent business model in quantum computing, a sensible market capitalization, active trading, and sufficient fundamental context for LLM analysis.",3.75e-05,3.6621963751967996
2023-08-01,UPST,3,0.7869050642026477,ai,-0.4994852184144727,accept,0.9,"Upstart has a well-known AI-driven business model, sensible market capitalization, active trading, and ample fundamental data for LLM analysis.",3.75e-05,3.4865982078481466
2023-08-01,SITM,4,0.778354565848866,quantum,0.07504321860757512,accept,0.9,"SiTime (SITM) is an established company with a clear business model, sensible market capitalization, active trading, and ample fundamental context, making it suitable for deep LLM analysis.",3.75e-05,2.8601583749987185
2023-08-01,AI,5,0.7662620205636788,ai,-0.17557060446450967,accept,0.85,"C3.ai has a coherent and well-known business model, sensible market capitalization, active trading, and extensive fundamental context suitable for deep LLM analysis.",3.75e-05,5.541865332983434
2023-08-02,IONQ,1,0.8219559005209597,quantum,-0.22416621104428647,accept,0.9,"IONQ is a well-established quantum computing company with sufficient market cap, trading history, and fundamental context for LLM analysis.",3.75e-05,3.8101190419401973
2023-08-02,AEIS,2,0.7810019523189211,semis,-0.07275099910284644,accept,0.9,"Advanced Energy Industries (AEIS) is a well-established semiconductor equipment supplier with a sensible market capitalization, active trading, and ample fundamental context for LLM analysis.",3.75e-05,4.956691290950403
2023-08-02,VECO,3,0.764968962081652,"quantum,semis",0.05303292894280753,accept,0.95,"VECO is a well-established semiconductor equipment company with a sensible market cap, active trading, and ample fundamental context, making it tractable for deep LLM analysis.",3.75e-05,4.224147457862273
2023-08-02,SITM,4,0.7609073665570546,quantum,0.006146059291395556,accept,0.9,"SiTime is a well-established semiconductor company with a sensible market capitalization and active trading, providing ample fundamental context for LLM analysis.",3.75e-05,3.4787882089149207
2023-08-02,UPST,5,0.7527063834522179,ai,-0.5301275472804574,reject,0.9,"Upstart (UPST) is heavily shorted with a contentious business thesis regarding its AI lending model's performance in varying economic conditions, making it better deferred from a standard momentum pipeline.",3.75e-05,4.268083249917254
2023-08-03,SITM,1,0.9389927989810778,quantum,-0.028132992327365658,accept,0.95,"SiTime (SITM) is a well-established semiconductor company with a sensible market cap, active trading, and ample fundamental context, making it suitable for deep LLM analysis.",3.75e-05,4.798760041827336
2023-08-03,MTSI,2,0.8354579544374984,semis,-0.002682043717312399,accept,0.9,"The ticker is associated with the well-known semiconductor industry and exhibits strong momentum, suggesting a coherent business, sensible size, and active trading with available fundamental context.",3.75e-05,4.567574916174635
2023-08-03,INSM,3,0.8127308328803823,biotech,0.020009095043201475,accept,0.9,"INSM is a biotech company with recent momentum, indicating an active, established business likely within a sensible size range and with available fundamental context.",3.75e-05,4.09469729103148
2023-08-03,VECO,4,0.7493044906910026,"quantum,semis",0.062367115520907124,accept,0.95,"VECO is a well-established semiconductor equipment company with a suitable market capitalization and active trading, providing ample fundamental context for LLM analysis.",3.75e-05,3.7741124171297997
2023-08-03,AEIS,5,0.7383997341616522,semis,-0.009211691762621821,accept,0.9,"Advanced Energy Industries (AEIS) is a well-established semiconductor equipment supplier with a sensible market capitalization and active trading, providing ample fundamental context for LLM analysis.",3.75e-05,4.9200512079987675
2023-08-04,KTOS,1,0.895409675372664,ai,-0.03892215568862267,accept,0.9,"Kratos Defense & Security Solutions is an established defense contractor with a sensible market cap, active trading, and ample fundamental context suitable for LLM analysis.",3.75e-05,3.4916525001171976
2023-08-04,AOSL,2,0.8451476322773445,quantum,-0.020895522388059806,accept,0.9,"AOSL is an established semiconductor company with a coherent business model, sensible market capitalization, active trading, and readily available fundamental data suitable for deep LLM analysis.",3.75e-05,5.564065457787365
2023-08-04,UPST,3,0.7911187934851409,ai,-0.329998075812969,accept,0.9,"Upstart (UPST) has a well-known AI-driven lending business model, a sensible market capitalization, active trading, and ample fundamental context for deep LLM analysis.",3.75e-05,3.2166487912181765
2023-08-04,SITM,4,0.783491216595491,quantum,-0.04783861671469747,accept,0.9,"SiTime Corporation (SITM) is a well-established semiconductor company with a sensible market cap, active trading, and ample fundamental context, making it tractable for deep LLM analysis.",3.75e-05,3.570305250119418
2023-08-04,IONQ,5,0.7734525691901126,quantum,-0.0449293966623876,accept,0.9,"IONQ has a clear business model in quantum computing, a suitable market capitalization, active trading, and sufficient public information for LLM analysis.",3.75e-05,26.43279933393933
2023-08-07,KTOS,1,0.9100709153913709,ai,-0.10942956926658898,accept,0.95,"KTOS is an established defense contractor with a clear business model, appropriate market capitalization, active trading, and ample fundamental context for LLM analysis.",3.75e-05,3.5993201250676066
2023-08-07,MTSI,2,0.8574974357017211,semis,0.008968609865470878,accept,0.9,"MTSI, as a semiconductor company with strong momentum metrics, likely possesses a well-defined business model and sufficient trading activity and fundamental context for deep LLM analysis.",3.75e-05,4.5502590839751065
2023-08-07,SITM,3,0.7973714367924036,quantum,-0.05824240636980238,accept,0.9,"SiTime (SITM) is an established semiconductor company with a coherent business model, appropriate market capitalization, and sufficient trading activity and fundamental context for deep LLM analysis.",3.75e-05,4.706482624867931
2023-08-07,ACMR,4,0.7837975346452631,quantum,-0.011029411764705954,accept,0.9,"ACMR has a coherent business model in the semiconductor industry, a sensible market capitalization, and sufficient trading activity and fundamental context for LLM analysis.",3.75e-05,4.417216333094984
2023-08-07,COHR,5,0.7726617417284865,semis,-0.058104588258865886,accept,0.95,"Coherent Corp. (COHR) is a well-established company with a clear business model, sensible market capitalization, active trading, and ample fundamental context, making it suitable for deep LLM analysis.",3.75e-05,4.406480459030718
2023-08-08,VECO,1,0.9533016969060815,"quantum,semis",-0.06294846705805612,accept,0.95,"VECO is a well-established semiconductor equipment company with a sensible market cap and active trading, providing ample fundamental context for LLM analysis.",3.75e-05,5.499138250015676
2023-08-08,KTOS,2,0.7438244227892167,ai,-0.0655235762400489,accept,0.9,"Kratos Defense & Security Solutions is a well-established defense technology company with a clear business model, sufficient market cap, active trading, and ample fundamental context for LLM analysis.",3.75e-05,3.1729930001311004
2023-08-08,SITM,3,0.7332604466496357,quantum,-0.09180615452086838,accept,0.9,"SiTime is an established semiconductor company with a clear business model, suitable market capitalization, active trading, and ample fundamental context for LLM analysis.",3.75e-05,4.07716799993068
2023-08-08,UPST,4,0.7312220720129899,ai,-0.04848662944460769,accept,0.9,"Upstart has a well-known AI-driven lending business model, a sensible market capitalization, active trading, and ample fundamental context for LLM analysis.",3.75e-05,4.441886167041957
2023-08-08,ACMR,5,0.7157175163985576,quantum,-0.01963746223564955,accept,0.9,"ACM Research has a clear business model in semiconductor equipment, a sensible market capitalization, active trading, and sufficient fundamental context for deep LLM analysis.",3.75e-05,5.007635457906872
2023-08-09,VECO,1,0.964213390229054,"quantum,semis",-0.07603686635944695,accept,0.95,"VECO is an established semiconductor equipment company with a sensible market capitalization, active trading, and readily available fundamental context suitable for deep LLM analysis.",3.75e-05,3.500024083070457
2023-08-09,IDYA,2,0.8211570969776876,biotech,-0.02509803921568632,accept,0.9,"IDYA, as a biotech company with strong momentum, likely possesses a coherent business model, sufficient trading activity, and available fundamental context for deep LLM analysis.",3.75e-05,4.717545124934986
2023-08-09,INSM,3,0.7736995002015298,biotech,-0.03301056338028174,accept,0.95,"Insmed (INSM) is a well-established biopharmaceutical company with a sensible market capitalization, active trading, and ample fundamental context, making it suitable for deep LLM analysis.",3.75e-05,4.046528875129297
2023-08-09,SITM,4,0.7468057016770814,quantum,-0.1167804527488322,accept,0.9,"SiTime has a well-defined business model, sufficient market capitalization and liquidity, and ample fundamental context for LLM analysis.",3.75e-05,3.5787236660253257
2023-08-09,RKLB,5,0.7305569349981493,ai,-0.10754414125200651,accept,0.95,"RKLB has a well-known business model, sensible market capitalization, active trading, and ample fundamental context, making it tractable for deep LLM analysis.",3.75e-05,3.7983537500258535
2023-08-10,AOSL,1,0.9744199472034578,quantum,-0.04558053587927324,accept,0.9,"AOSL is a well-established semiconductor company with a sensible market capitalization, active trading, and readily available fundamental data, making it suitable for deep LLM analysis.",3.75e-05,3.641130584059283
2023-08-10,ACHR,2,0.886627043090639,ai,0.06759098786828432,accept,0.9,"Archer Aviation has a coherent business model in the eVTOL sector, a sensible market capitalization, active trading, and sufficient fundamental context for deep LLM analysis.",3.75e-05,4.107719624880701
2023-08-10,VECO,3,0.8746103566045456,"quantum,semis",-0.057705136757838615,accept,0.9,"VECO is a well-established semiconductor equipment company with active trading, a sensible market capitalization, and readily available fundamental context suitable for LLM analysis.",3.75e-05,4.000304749934003
2023-08-10,IDYA,4,0.8455430652851412,biotech,0.04778972520907998,accept,0.9,"IDYA is a well-established biotech company with a suitable market capitalization and active trading, indicating sufficient fundamental context for LLM analysis.",3.75e-05,4.203748292056844
2023-08-10,ACMR,5,0.8266644333254811,quantum,-0.03700962250185047,accept,0.95,"ACMR is a well-established semiconductor equipment company with a sensible market cap, active trading, and ample fundamental context for LLM analysis.",3.75e-05,4.624343459028751
2023-08-11,INOD,1,0.8988148148148148,ai,-0.03935347856640903,uncertain,0.7,"While INOD exhibits strong momentum, critical information regarding its market capitalization and specific business model is absent, preventing a confident assessment of its suitability for deep LLM analysis.",3.75e-05,6.207415541866794
2023-08-11,ACHR,2,0.8857355126300149,ai,0.06707317073170738,accept,0.9,"Archer Aviation has a coherent business model in an emerging sector, a sensible market capitalization, active trading, and ample fundamental context for LLM analysis.",3.75e-05,4.74704208294861
2023-08-11,IONQ,3,0.8124370594159115,quantum,-0.03091397849462374,accept,0.9,"IONQ has a coherent business model in an emerging sector, a sensible market capitalization, active trading, and sufficient fundamental context for LLM analysis.",3.75e-05,3.3045350830070674
2023-08-11,AOSL,4,0.7664937911195474,quantum,-0.048170731707317005,accept,0.9,"AOSL is an established semiconductor company with a sensible market cap, active trading, and ample fundamental context suitable for deep LLM analysis.",3.75e-05,3.703774915775284
2023-08-11,VECO,5,0.7531970835969446,"quantum,semis",-0.06042692939244665,accept,0.9,"VECO is a well-established semiconductor equipment company with a sensible market cap, active trading, and ample fundamental context, making it tractable for deep LLM analysis.",3.75e-05,3.0898514171130955
2023-08-14,INOD,1,1.0,ai,0.01379310344827589,accept,0.8,"Innodata has a coherent AI-focused business model, active trading, and sufficient fundamental context, making it tractable for deep LLM analysis despite being on the smaller end of the preferred market cap range.",3.75e-05,6.931383042130619
2023-08-14,ACHR,2,0.8974739970282318,ai,0.11023622047244097,accept,0.9,"Archer Aviation has a coherent, well-known business model in eVTOL, sufficient trading history since its SPAC IPO, and a market capitalization within the sensible range for deep LLM analysis.",3.75e-05,5.222601665882394
2023-08-14,VECO,3,0.8894566088379796,"quantum,semis",-0.04447439353099736,accept,0.9,"VECO is an established semiconductor equipment company with a sensible market capitalization and active trading, indicating sufficient fundamental context for deep LLM analysis.",3.75e-05,3.6358734578825533
2023-08-14,COHR,4,0.7735281047367,semis,-0.22335673261008293,accept,0.95,"COHR is an established, actively traded company with a clear business model, suitable market capitalization, and ample fundamental context for deep LLM analysis.",3.75e-05,3.559207833139226
2023-08-14,CAMT,5,0.7664318643319877,"quantum,semis",0.07718993928881179,accept,0.95,"Camtek is a well-established semiconductor equipment company with a clear business model, sufficient market capitalization, and ample public data for deep LLM analysis.",3.75e-05,5.354770417092368
2023-08-15,INOD,1,0.8472164693984552,ai,0.020532319391634912,uncertain,0.75,"While INOD exhibits strong momentum and an 'ai' theme, critical information regarding its market capitalization and trading volume is missing, preventing a definitive assessment of its size and liquidity for deep LLM analysis.",3.75e-05,6.517829291056842
2023-08-15,ACHR,2,0.827407806278427,ai,0.2154882154882154,accept,0.9,"Archer Aviation has a well-known, coherent business model in the eVTOL space, a sensible market capitalization, active trading, and sufficient fundamental context for LLM analysis.",3.75e-05,4.05243279109709
2023-08-15,DAWN,3,0.8245485977939999,biotech,0.004460966542751077,uncertain,0.8,"While DAWN is a biotech stock with strong momentum, its suitability for deep LLM analysis is uncertain due to missing market capitalization and liquidity data.",3.75e-05,4.925603958079591
2023-08-15,VECO,4,0.8119777883152564,"quantum,semis",-0.002436477549599747,accept,0.95,"VECO is an established semiconductor equipment company with a clear business model, sensible market capitalization, active trading, and ample fundamental context for LLM analysis.",3.75e-05,4.5700793750584126
2023-08-15,IONQ,5,0.7959021837349493,quantum,0.17604090577063558,accept,0.9,"IONQ has a coherent business model in quantum computing, a sensible market capitalization, active trading history, and available fundamental context for LLM analysis.",3.75e-05,4.482606667093933
2023-08-16,ACHR,1,0.8452574137850163,ai,0.09515859766277113,accept,0.9,"Archer Aviation has a coherent, emerging business model in eVTOLs, sufficient market capitalization and trading history, and ample fundamental context for LLM analysis.",3.75e-05,5.126695417100564
2023-08-16,MTSI,2,0.7866799455587385,semis,0.11462561231630497,accept,0.95,"Monolithic Power Systems (MTSI) is an established semiconductor company with a clear business model, sufficient market capitalization, active trading, and ample fundamental context for LLM analysis.",3.75e-05,6.48341079079546
2023-08-16,VECO,3,0.7667788951235892,"quantum,semis",-0.006056287851799125,accept,0.9,"Veeco Instruments has a well-established business in the semiconductor industry, an appropriate market capitalization, and sufficient trading history and fundamental context for deep LLM analysis.",3.75e-05,4.129049458075315
2023-08-16,ACMR,4,0.7409881656711613,quantum,0.17341482047364387,accept,0.9,"ACMR is a well-established semiconductor equipment company with a sensible market cap, active trading, and available fundamental context, making it suitable for deep LLM analysis.",3.75e-05,5.077067416859791
2023-08-16,INOD,5,0.7254199849770209,ai,-0.003062787136294043,uncertain,0.9,"Insufficient information regarding market capitalization, trading volume, and specific business model details prevents a definitive assessment of suitability for deep LLM analysis.",3.75e-05,4.094741459004581
2023-08-17,ACHR,1,0.826434784687572,ai,-0.06168831168831168,accept,0.9,"Archer Aviation has a coherent business model in the eVTOL space, a sensible market capitalization, active trading, and available fundamental context suitable for deep LLM analysis.",3.75e-05,4.326933832839131
2023-08-17,NSIT,2,0.768102899657744,semis,0.016587835587235977,accept,0.9,"Insight Enterprises is a well-established IT services provider with a sensible market cap, active trading, and ample fundamental context, making it suitable for deep LLM analysis.",3.75e-05,5.41911687492393
2023-08-17,VECO,3,0.7308345821162019,"quantum,semis",-0.006371681415929142,accept,0.85,"VECO operates in the well-known semiconductor sector, exhibits recent trading momentum, and is likely to have sufficient fundamental data for LLM analysis.",3.75e-05,5.035323332995176
2023-08-17,INOD,4,0.7212818565466079,ai,0.0,accept,0.85,"Innodata has a coherent AI-focused business model, active trading, and sufficient fundamental context for LLM analysis, despite being on the lower end of the typical market capitalization range.",3.75e-05,7.865684458985925
2023-08-17,ACMR,5,0.7160998991204015,quantum,0.1929285165257495,accept,0.9,"ACMR is an established semiconductor equipment company with a sensible market cap, active trading, and available fundamental context, making it suitable for LLM analysis.",3.75e-05,3.4978497908450663
2023-08-18,IDYA,1,0.9174182964331443,biotech,0.05163447251114395,accept,0.9,"IDYA is an active, mid-cap biotech company with a clear business model and sufficient fundamental context for deep LLM analysis.",3.75e-05,3.918760915985331
2023-08-18,ACHR,2,0.8915304606240714,ai,-0.08714285714285719,accept,0.9,"Archer Aviation has a coherent business model in the eVTOL space, a sensible market capitalization, active trading, and sufficient fundamental context for LLM analysis.",3.75e-05,4.255462291883305
2023-08-18,NSIT,3,0.8256389283345396,semis,0.04240519028827516,uncertain,0.8,"The company operates in a known sector and shows momentum, but critical financial metrics like market cap and trading volume are not provided to confirm its size and liquidity against pipeline criteria.",3.75e-05,12.452059583039954
2023-08-18,INOD,4,0.7300356904517324,ai,0.004389173372348232,uncertain,0.8,"While Innodata has a coherent AI business model and available context, its market capitalization is below the $500M threshold for sensible size, making it less suitable for the pipeline's deep LLM analysis, though not explicitly illiquid.",3.75e-05,9.809141166973859
2023-08-18,VECO,5,0.7285536045379897,"quantum,semis",-0.0244669695910521,accept,0.9,"Veeco Instruments (VECO) is a well-established semiconductor equipment company with a sensible market cap, active trading, and ample fundamental context, making it tractable for deep LLM analysis.",3.75e-05,4.711139749968424
2023-08-21,ACHR,1,1.0,ai,-0.02127659574468077,accept,0.9,"Archer Aviation has a coherent business model in the eVTOL space, a sensible market capitalization, active trading, and available fundamental context suitable for deep LLM analysis.",3.75e-05,5.1699469580780715
2023-08-21,CAMT,2,1.0,"quantum,semis",0.1714975845410629,accept,0.95,"Camtek has a well-established business in the semiconductor industry, a sensible market capitalization, and sufficient trading activity and fundamental context for deep LLM analysis.",3.75e-05,4.910021708114073
2023-08-21,IDYA,3,0.8905487425885004,biotech,0.017889087656529412,accept,0.9,"IDYA, as a biotech stock with strong momentum, likely possesses a coherent business model, sufficient trading activity, and available fundamental context for deep LLM analysis.",3.75e-05,4.485730416839942
2023-08-21,ACMR,4,0.856440914479593,quantum,0.10731373889268614,accept,0.9,"ACMR is a well-established semiconductor equipment company with a sensible market cap, active trading, and ample fundamental context, making it suitable for deep LLM analysis.",3.75e-05,3.9362969580106437
2023-08-21,INOD,5,0.8161121077786769,ai,0.10052910052910047,uncertain,0.9,"A definitive verdict is not possible due to the absence of market capitalization and trading volume data, which are crucial for assessing its size and liquidity against the pipeline criteria.",3.75e-05,9.26505433395505
2023-08-22,MTSI,1,1.0,semis,0.03686578355411152,accept,0.9,"MTSI is a well-established semiconductor company with a sensible market capitalization, active trading, and extensive fundamental context suitable for deep LLM analysis.",3.75e-05,3.5762078331317753
2023-08-22,ACMR,2,0.9986513823331086,quantum,0.05317848410757953,accept,0.9,"ACM Research has an established business in the semiconductor industry, a sensible market capitalization, active trading, and readily available fundamental data for LLM analysis.",3.75e-05,5.712113582994789
2023-08-22,CAMT,3,0.9,"quantum,semis",0.12200228397411506,accept,0.9,"Camtek is an established semiconductor company with a clear business model, appropriate market capitalization, active trading, and ample fundamental context for LLM analysis.",3.75e-05,3.6358897909522057
2023-08-22,ACHR,4,0.8872507204353429,ai,-0.040166204986149645,accept,0.9,"Archer Aviation has a clear business model, sufficient market capitalization, active trading, and ample fundamental context for deep LLM analysis.",3.75e-05,4.378174667013809
2023-08-22,INOD,5,0.8169830489592118,ai,0.11102831594634877,uncertain,0.8,"Insufficient information is provided regarding INOD's business model, market capitalization, and liquidity to determine if it meets the criteria for deep LLM analysis.",3.75e-05,4.72194637497887
2023-08-23,ACMR,1,1.0,quantum,0.14322916666666652,accept,0.9,"ACMR is an established semiconductor equipment company with a sensible market cap and ample fundamental data, making it suitable for deep LLM analysis.",3.75e-05,3.825795582961291
2023-08-23,CAMT,2,1.0,"quantum,semis",0.15738963531669858,accept,0.9,"Camtek Ltd. has a clear business model in the semiconductor industry, a sensible market capitalization, active trading, and sufficient fundamental context for LLM analysis.",3.75e-05,4.696758290985599
2023-08-23,MTSI,3,1.0,semis,0.061778001004520355,accept,0.9,"Monolithic Power Systems (MTSI) is a well-established semiconductor company with a clear business model, active trading, and ample fundamental context suitable for deep LLM analysis.",3.75e-05,4.348204582929611
2023-08-23,INOD,4,0.8183184446667977,ai,-0.001536098310291778,uncertain,0.0,"parse error | raw: {""verdict"": ""reject"", ""confidence"": 0.8, ""reasoning"": ""Innodata's market capitalization of approximately $200-300M falls",0.0,11.193316292017698
2023-08-23,INSM,5,0.8126836284533748,biotech,-0.0018239854081166795,accept,0.9,"INSM is a biotech company with strong momentum indicators, suggesting a coherent business model, active trading, and likely sufficient fundamental context for deep LLM analysis.",3.75e-05,5.763924291823059
2023-08-24,MTSI,1,0.8995251187203199,semis,0.03848075962018993,accept,0.9,"MTSI is a well-established semiconductor company with a sensible market cap, active trading, and ample fundamental context, making it suitable for deep LLM analysis.",3.75e-05,3.5545731668826193
2023-08-24,CAMT,2,0.8991625428245147,"quantum,semis",0.16547871315738782,accept,0.9,"Camtek (CAMT) is a well-established semiconductor equipment company with a sensible market cap, active trading, and ample fundamental context, making it suitable for LLM analysis.",3.75e-05,5.439152332954109
2023-08-24,ACMR,3,0.8938875305623473,quantum,0.1875,accept,0.9,"ACMR is an established semiconductor equipment company with a clear business model, sensible market capitalization, active trading, and ample fundamental context for LLM analysis.",3.75e-05,5.194012917112559
2023-08-24,NSIT,4,0.7844510578120907,semis,0.04325032765399728,accept,0.95,"Insight Enterprises is a well-established, mid-cap IT solutions provider with ample public data and trading history, making it suitable for deep LLM analysis.",3.75e-05,4.564854291966185
2023-08-24,ACHR,5,0.7834321443055078,ai,0.11764705882352944,accept,0.9,"Archer Aviation (ACHR) has a coherent business model in an emerging sector, a sensible market capitalization, active trading, and ample fundamental context for deep LLM analysis.",3.75e-05,4.340161625063047
2023-08-25,MTSI,1,1.0,semis,0.005708612558947834,accept,0.95,"MACOM Technology Solutions is a well-established semiconductor company with a suitable market cap, active trading, and ample fundamental context for LLM analysis.",3.75e-05,3.0470182499848306
2023-08-25,ACMR,2,0.8249272596851658,quantum,0.2830065359477123,accept,0.9,"ACM Research has a clear business model in the semiconductor industry, a sensible market capitalization, active trading, and ample fundamental context for LLM analysis.",3.75e-05,4.775600332999602
2023-08-25,ACHR,3,0.8133887349953832,ai,-0.009389671361502261,accept,0.9,"Archer Aviation has a coherent, well-known business model in the eVTOL space, a sensible market cap, active trading, and sufficient fundamental context for LLM analysis.",3.75e-05,3.9869532079901546
2023-08-25,CAMT,4,0.8082694234392354,"quantum,semis",0.12584573748308525,accept,0.9,"Camtek is a well-established semiconductor equipment company with a sensible market cap, active trading, and ample fundamental context for LLM analysis.",3.75e-05,4.82042158418335
2023-08-25,INOD,5,0.7987802431712269,ai,-0.15877640203932986,uncertain,0.0,"parse error | raw: {""verdict"": ""uncertain"", ""confidence"": 0.6, ""reasoning"": ""While Innodata has a coherent business model and fundamental c",0.0,10.624009666964412
2023-08-28,MTSI,1,0.9,semis,0.006742675003065024,accept,0.9,"MTSI is a well-established semiconductor company with a sensible market cap, active trading, and ample fundamental context, making it suitable for deep LLM analysis.",3.75e-05,3.709595417138189
2023-08-28,INOD,2,0.8964862965565706,ai,-0.21222527472527475,accept,0.85,"Innodata has a coherent AI-focused business model, active trading, and available fundamental context, making it tractable for deep LLM analysis despite its market capitalization being on the lower end of the typical range.",3.75e-05,6.298693583812565
2023-08-28,CAMT,3,0.8471406674114014,"quantum,semis",-0.007903780068728494,accept,0.95,"Camtek is an established semiconductor equipment company with a sensible market cap, active trading, and ample fundamental context for LLM analysis.",3.75e-05,4.63557408307679
2023-08-28,NSIT,4,0.8122019620501725,semis,-0.03051939845823315,accept,0.95,"NSIT is a well-established IT solutions provider with a sensible market cap, active trading, and ample fundamental context, making it suitable for deep LLM analysis.",3.75e-05,3.391875041881576
2023-08-28,ACMR,5,0.7941107819596754,quantum,0.1938271604938273,accept,0.9,"ACMR is an established semiconductor equipment supplier with a clear business model, sufficient market capitalization, and ample fundamental data for LLM analysis.",3.75e-05,5.37016912503168
2023-08-29,CAMT,1,1.0,"quantum,semis",-0.03901611535199323,accept,0.9,"Camtek is an established semiconductor equipment company with a sensible market cap, active trading, and ample fundamental context for LLM analysis.",3.75e-05,3.6356489579193294
2023-08-29,INOD,2,0.9617373605148756,ai,-0.2602280348759223,accept,0.9,"Innodata Inc. is an established AI-focused company with a coherent business model, sufficient market capitalization, active trading, and available fundamental context suitable for deep LLM analysis.",3.75e-05,5.450933833839372
2023-08-29,ONTO,3,0.9464340287715924,"quantum,semis",-0.06085430076067866,accept,0.95,"ONTO Innovation is an established semiconductor equipment company with a clear business model, sensible market capitalization, active trading, and ample fundamental context, making it highly tractable for deep LLM analysis.",3.75e-05,3.6486417080741376
2023-08-29,ACMR,4,0.7924658541893485,quantum,0.0864770748694137,accept,0.9,"ACMR is a well-established semiconductor equipment company with a sensible market cap, active trading, and ample fundamental context for LLM analysis.",3.75e-05,5.360144041012973
2023-08-29,SITM,5,0.7769264882675866,quantum,-0.1087631598879043,accept,0.9,"SITM is a well-established semiconductor company with a clear business model, sufficient market capitalization, active trading, and ample fundamental context for deep LLM analysis.",3.75e-05,3.921151875052601
2023-08-30,CAMT,1,0.9258311072912864,"quantum,semis",-0.04809286898839138,accept,0.95,"CAMT is an established semiconductor equipment company with a sensible market cap, active trading, and available fundamental context, making it suitable for deep LLM analysis.",3.75e-05,5.02431174996309
2023-08-30,ONTO,2,0.9216402418748597,"quantum,semis",-0.07497481652036253,accept,0.95,"ONTO is an established semiconductor equipment company with a sensible market cap, active trading, and likely ample fundamental context for deep LLM analysis.",3.75e-05,3.891025457996875
2023-08-30,INOD,3,0.8113900468993481,ai,-0.22615384615384615,uncertain,0.0,"parse error | raw: {""verdict"": ""reject"", ""confidence"": 0.8, ""reasoning"": ""While Innodata has a coherent business model and active trading, ",0.0,10.750404083169997
2023-08-30,ACMR,4,0.8049243814653376,quantum,0.06662870159453305,accept,0.9,"ACMR is a well-established semiconductor equipment company with a sensible market cap and active trading, providing ample fundamental context for LLM analysis.",3.75e-05,5.467966290889308
2023-08-30,MTSI,5,0.77879212846332,semis,-0.061140018921475914,accept,0.9,"MTSI is a well-established semiconductor company with a sensible market cap and active trading, making it suitable for deep LLM analysis.",3.75e-05,3.58739637513645
2023-08-31,ONTO,1,0.9962867276844911,"quantum,semis",-0.07961690305600233,accept,0.95,"ONTO (Onto Innovation Inc.) is an established semiconductor equipment company with a sensible market cap, active trading, and ample fundamental context, making it tractable for deep LLM analysis.",3.75e-05,3.3512707920745015
2023-08-31,IMVT,2,0.842866344780587,biotech,-0.06002501042100872,accept,0.9,"Immunovant is a well-established clinical-stage biotech company with sufficient market capitalization, trading activity, and available fundamental data suitable for deep LLM analysis.",3.75e-05,4.006858832901344
2023-08-31,CAMT,3,0.8296093757075088,"quantum,semis",-0.05140495867768591,accept,0.9,"Camtek Ltd. has a well-established semiconductor equipment business, a sensible market capitalization, active trading, and ample fundamental context for LLM analysis.",3.75e-05,4.763146874960512
2023-08-31,KTOS,4,0.8270910095590559,ai,-0.09006785934608275,accept,0.9,"Kratos Defense & Security Solutions is a well-established defense contractor with a sensible market capitalization and active trading, providing ample fundamental context for LLM analysis.",3.75e-05,4.053024999797344
2023-08-31,ACMR,5,0.791683252527514,quantum,0.005968529571350967,accept,0.9,"ACMR has a coherent business model in semiconductor equipment, a sensible market capitalization, active trading, and ample fundamental context for LLM analysis.",3.75e-05,3.972178833093494
2023-09-01,IMVT,1,0.9085729731689058,biotech,-0.02865961199294531,accept,0.9,"Immunovant (IMVT) is a clinical-stage biotech with a clear business model, sufficient market capitalization, active trading, and available fundamental context suitable for LLM analysis.",3.75e-05,3.5168841250706464
2023-09-01,ACMR,2,0.8909172187802213,quantum,-0.09398879266428928,accept,0.9,"ACMR has a coherent business model in semiconductor equipment, a sensible market capitalization, active trading, and available fundamental context suitable for deep LLM analysis.",3.75e-05,5.787484625121579
2023-09-01,CAMT,3,0.8468907525382044,"quantum,semis",0.013392857142857206,accept,0.95,"Camtek is a well-established semiconductor equipment company with a suitable market cap, active trading, and ample fundamental data for LLM analysis.",3.75e-05,3.2556772499810904
2023-09-01,PEGA,4,0.7998770546226002,ai,-0.10038453754300736,accept,0.95,"Pegasystems (PEGA) is an established enterprise software company with a clear business model, sufficient market capitalization, active trading, and ample fundamental data for deep LLM analysis.",3.75e-05,4.063316707964987
2023-09-01,ONTO,5,0.7852685489044253,"quantum,semis",-0.06364584885974067,accept,0.95,"Onto Innovation is a well-established semiconductor capital equipment company with a sensible market cap, active trading, and abundant fundamental context suitable for deep LLM analysis.",3.75e-05,4.248671500012279
2023-09-05,INSM,1,1.0,biotech,-0.004918653045781318,accept,0.95,INSM is an established biopharmaceutical company with a sensible market capitalization and likely sufficient fundamental context for deep LLM analysis.,3.75e-05,3.8262272921856493
2023-09-05,ACMR,2,0.9663131567668739,quantum,-0.09048603929679422,accept,0.9,"ACM Research has a coherent semiconductor equipment business, a sensible market capitalization, active trading, and sufficient fundamental context for LLM analysis.",3.75e-05,4.782141167204827
2023-09-05,NSIT,3,0.7710555741910912,semis,-0.017532425210193603,accept,0.9,"NSIT is a well-established IT solutions provider with a sensible market capitalization and active trading, making it suitable for deep LLM analysis.",3.75e-05,5.026569457957521
2023-09-05,IONQ,4,0.7666028102501546,quantum,-0.0454545454545453,accept,0.9,"IONQ is an active, mid-cap company in the well-defined quantum computing sector with sufficient trading history and fundamental context for LLM analysis.",3.75e-05,3.962479874957353
2023-09-05,CAMT,5,0.766397569252657,"quantum,semis",0.014894354000692722,accept,0.9,"Camtek has a well-established business model in the semiconductor industry, a sensible market capitalization, active trading, and sufficient fundamental context for deep LLM analysis.",3.75e-05,5.438711334019899
2023-09-06,INSM,1,1.0,biotech,0.0030086498683716822,accept,0.9,"Insmed (INSM) is an established biotech company with a sensible market capitalization, active trading, and sufficient fundamental context for deep LLM analysis.",3.75e-05,3.6579776669386774
2023-09-06,ACMR,2,0.8919774139294663,quantum,-0.10576923076923084,accept,0.9,"ACMR has a well-defined business in semiconductor equipment, a suitable market capitalization, and sufficient trading history and fundamental data for LLM analysis.",3.75e-05,3.9038645001128316
2023-09-06,IONQ,3,0.7876850462987098,quantum,0.030874785591766818,accept,0.9,"IONQ has a coherent business model in quantum computing, a sensible market capitalization, active trading, and ample fundamental context for LLM analysis.",3.75e-05,3.597687541972846
2023-09-06,AUPH,4,0.7621794072122896,biotech,-0.06295149638802888,accept,0.9,"AUPH is a well-established biotech company with a sensible market capitalization, active trading, and ample fundamental data, making it suitable for deep LLM analysis.",3.75e-05,4.383076875004917
2023-09-06,IDYA,5,0.7270163604356802,biotech,0.051336898395721864,accept,0.9,IDYA is a well-established clinical-stage biotech company with a sensible market capitalization and likely sufficient fundamental context for LLM analysis.,3.75e-05,3.6318408749066293
2023-09-07,PATH,1,0.8591582318363645,ai,-0.04978354978354993,accept,0.9,"UiPath has a well-established business model in RPA, a suitable market capitalization, active trading, and ample fundamental context for deep LLM analysis.",3.75e-05,3.3757139171939343
2023-09-07,INSM,2,0.7772995208051009,biotech,0.013328255902513186,accept,0.9,"INSM, as a biotech company with strong momentum, likely possesses a coherent business model, sufficient market capitalization, and active trading, making it tractable for LLM analysis.",3.75e-05,3.926008875016123
2023-09-07,ACMR,3,0.771247514461462,quantum,-0.1713828083288842,accept,0.9,"ACMR is a well-established semiconductor equipment company with a sensible market capitalization and active trading, providing ample fundamental context for LLM analysis.",3.75e-05,5.523982666898519
2023-09-07,IONQ,4,0.7635829237344524,quantum,-0.11685625646328857,accept,0.9,"IONQ has a well-defined business in quantum computing, sufficient market capitalization and trading history, and ample fundamental data for LLM analysis.",3.75e-05,3.773667500121519
2023-09-07,CAMT,5,0.7515466117183754,"quantum,semis",-0.021254355400696867,accept,0.95,"Camtek (CAMT) has an established business model in the semiconductor industry, a sensible market capitalization, and sufficient trading activity and fundamental context for deep LLM analysis.",3.75e-05,5.866078250110149
2023-09-08,PATH,1,0.8575869557218442,ai,-0.09228362877997909,accept,0.95,"UiPath (PATH) has a well-known business model in RPA/AI, a sensible market capitalization, active trading, and extensive fundamental context, making it highly tractable for deep LLM analysis.",3.75e-05,3.5485892919823527
2023-09-08,IONQ,2,0.7780339985061308,quantum,-0.17886178861788615,accept,0.9,"IONQ has a well-defined business model in quantum computing, sufficient market capitalization and liquidity, and ample fundamental data for LLM analysis.",3.75e-05,3.648146707797423
2023-09-08,INSM,3,0.7677369286135307,biotech,0.0018867924528302993,accept,0.9,"INSM is a biotech company with active momentum, suggesting a coherent business model, sufficient liquidity, and available fundamental context for LLM analysis.",3.75e-05,4.404580082977191
2023-09-08,ACHR,4,0.7620926146643314,ai,-0.1004304160688666,accept,0.9,"Archer Aviation has a coherent, emerging business model, a sensible market capitalization, active trading history, and sufficient fundamental context for LLM analysis.",3.75e-05,4.090817166026682
2023-09-08,ACMR,5,0.7601000171100896,quantum,-0.15210355987055013,accept,0.9,"ACMR is an established semiconductor equipment company with a sensible market cap, active trading, and ample fundamental context suitable for deep LLM analysis.",3.75e-05,3.477370166918263
2023-09-11,CRNX,1,0.8666666666666667,biotech,-0.039228506047727985,accept,0.9,"CRNX is a clinical-stage biotech company with a sensible market capitalization, active trading indicated by high momentum, and likely sufficient fundamental context for LLM analysis.",3.75e-05,3.3853766249958426
2023-09-11,PATH,2,0.7900816446902796,ai,-0.08623460096411373,accept,0.9,"UiPath has a well-known AI-driven business model, a sensible market capitalization, active trading, and ample fundamental context for deep LLM analysis.",3.75e-05,3.3109216671437025
2023-09-11,INSM,3,0.7813866670810139,biotech,-0.023022651318232445,accept,0.9,"Insmed is a well-established biotech company with a sensible market cap, active trading, and ample fundamental context suitable for deep LLM analysis.",3.75e-05,3.253565917024389
2023-09-11,IONQ,4,0.7807844331504511,quantum,-0.18280683583635415,accept,0.9,"IONQ has a coherent, well-known business model in quantum computing, a sensible market capitalization, active trading, and available fundamental context for LLM analysis.",3.75e-05,3.7096094160806388
2023-09-11,ONTO,5,0.7786119071670985,"quantum,semis",-0.01997771410378868,accept,0.95,"ONTO is a well-established semiconductor company with a sensible market cap, active trading, and ample fundamental context, making it tractable for deep LLM analysis.",3.75e-05,3.5567153338342905
2023-09-12,CRNX,1,0.8666666666666667,biotech,0.002803083391730965,accept,0.9,"CRNX is a well-established commercial-stage biotech company with a sensible market capitalization, active trading, and ample fundamental context suitable for deep LLM analysis.",3.75e-05,3.157949334010482
2023-09-12,IONQ,2,0.8650503887832826,quantum,-0.20813269127875866,accept,0.9,"IONQ has a coherent, well-known business model in quantum computing, a sensible market capitalization, active trading, and ample fundamental context for deep LLM analysis.",3.75e-05,4.7441578328143805
2023-09-12,IONS,3,0.8445409035374147,biotech,-0.014136732329084523,accept,0.9,"Ionis Pharmaceuticals is an established biotech company with a clear business model, suitable market capitalization, active trading, and extensive fundamental context for LLM analysis.",3.75e-05,4.000800082925707
2023-09-12,CAMT,4,0.8127148306784948,"quantum,semis",-0.045051194539249106,accept,0.95,"CAMT is an established semiconductor equipment company with a clear business model, sensible market capitalization, active trading, and ample fundamental context for LLM analysis.",3.75e-05,4.640711707994342
2023-09-12,IDYA,5,0.7961229127299823,biotech,-0.04180945853324192,accept,0.9,IDEAYA Biosciences (IDYA) is a well-established biotech company with a sensible market capitalization and sufficient trading history and fundamental context for deep LLM analysis.,3.75e-05,4.9625316669698805
2023-09-13,RMBS,1,0.8269323728736618,quantum,-0.10592005397200199,accept,0.9,"Rambus (RMBS) is an established semiconductor IP company with a sensible market cap, active trading, and ample fundamental context suitable for deep LLM analysis.",3.75e-05,3.5163896658923477
2023-09-13,INSM,2,0.8005581071604296,biotech,-0.012373453318335281,accept,0.9,"Insmed is a well-established biotech company with a sensible market cap, active trading, and ample fundamental context for LLM analysis.",3.75e-05,3.5072811250574887
2023-09-13,ONTO,3,0.7977009800641237,"quantum,semis",-0.059389924510861114,accept,0.9,"Onto Innovation (ONTO) operates in the well-known semiconductor industry, exhibits recent trading activity with a strong momentum score, and is likely to have sufficient fundamental context for LLM analysis.",3.75e-05,4.3765416669193655
2023-09-13,IONQ,4,0.7762396846034926,quantum,-0.24958402662229628,accept,0.9,"IONQ has a coherent, well-known business model in quantum computing, a sensible market capitalization, active trading, and ample fundamental context for LLM analysis.",3.75e-05,4.187549459049478
2023-09-13,IDYA,5,0.7650964190504925,biotech,-0.04408273991183442,accept,0.9,IDYA is a well-established biotech company with a sensible market capitalization and sufficient trading history and fundamental context for LLM analysis.,3.75e-05,3.705344583140686
2023-09-14,IONS,1,0.819713310487626,biotech,-0.004660918200885433,accept,0.9,"Ionis Pharmaceuticals (IONS) is a well-established biotech company with a suitable market capitalization, active trading, and ample fundamental context for LLM analysis.",3.75e-05,3.5536127919331193
2023-09-14,RMBS,2,0.7910139149224044,quantum,-0.034023402340234044,accept,0.95,"Rambus (RMBS) is a well-established semiconductor IP company with a clear business model, appropriate market capitalization, active trading, and ample fundamental context for deep LLM analysis.",3.75e-05,3.656714958138764
2023-09-14,ONTO,3,0.7890900307573547,"quantum,semis",-0.009405900795883881,accept,0.9,"Onto Innovation is a well-established semiconductor company with a clear business model, sufficient market capitalization, active trading, and ample fundamental context for LLM analysis.",3.75e-05,4.910342000192031
2023-09-14,IDYA,4,0.7744956095591143,biotech,-0.0527939664038396,accept,0.9,"IDEAYA Biosciences is an established biotech company with a market capitalization within the sensible range, active trading, and likely sufficient fundamental context for LLM analysis.",3.75e-05,5.183379166992381
2023-09-14,IONQ,5,0.7675882223140046,quantum,-0.2224824355971896,accept,0.9,"IONQ is an actively traded, well-known quantum computing company with a sensible market capitalization and available fundamental context, making it suitable for LLM analysis.",3.75e-05,4.927855874877423
2023-09-15,IDYA,1,0.8153489508642088,biotech,-0.05721220527045767,accept,0.9,"IDYA operates in the well-known biotech sector and exhibits strong momentum, suggesting sufficient liquidity and available fundamental context for LLM analysis.",3.75e-05,4.543349500047043
2023-09-15,INSM,2,0.7370426493464592,biotech,-0.02900188323917141,accept,0.9,"INSM, as a biotech company with strong momentum indicators, likely possesses a coherent business model, sufficient market capitalization, active trading, and ample fundamental context for deep LLM analysis.",3.75e-05,3.423732375027612
2023-09-15,CRNX,3,0.7090461373777699,biotech,0.03422982885085579,accept,0.9,"CRNX is a commercial-stage biotech with a sensible market cap, active trading, and sufficient fundamental context for deep LLM analysis.",3.75e-05,3.7040239172056317
2023-09-15,IONQ,4,0.6943604643099869,quantum,-0.17017326732673266,accept,0.9,"IONQ has a coherent business model in quantum computing, sufficient market capitalization and liquidity, and ample fundamental data for LLM analysis.",3.75e-05,4.0596070839092135
2023-09-15,CAMT,5,0.6928595041322315,"quantum,semis",0.07967565661907283,accept,0.9,"Camtek Ltd. is an established semiconductor equipment manufacturer with a sensible market cap, active trading, and ample fundamental context suitable for deep LLM analysis.",3.75e-05,4.6813372920732945
2023-09-18,AEHR,1,0.8444481697780273,quantum,-0.10914696813977376,accept,0.9,"AEHR has a well-established business model, sensible market capitalization, active trading, and sufficient fundamental context for deep LLM analysis.",3.75e-05,2.906920624896884
2023-09-18,IONS,2,0.7742472911531348,biotech,0.07677989762680326,accept,0.95,"Ionis Pharmaceuticals (IONS) is a well-established biotech company with a clear business model, sensible market capitalization, active trading, and ample fundamental context, making it tractable for deep LLM analysis.",3.75e-05,3.549850958865136
2023-09-18,CAMT,3,0.7251689798787548,"quantum,semis",0.025369978858351017,accept,0.9,"Camtek Ltd. is an established semiconductor equipment company with a clear business model, sufficient market capitalization, active trading, and available fundamental data for LLM analysis.",3.75e-05,3.620910875033587
2023-09-18,INSM,4,0.7092155481787784,biotech,-0.02052451539338651,accept,0.9,"Insmed Inc is an established biotech company with a coherent business model, likely within the target market cap range, and sufficient public data for LLM analysis.",3.75e-05,3.877103165956214
2023-09-18,IDYA,5,0.7063368074441247,biotech,-0.09767759562841527,accept,0.9,"IDYA is a well-established biotech company with a sensible market capitalization, active trading, and readily available fundamental information suitable for LLM analysis.",3.75e-05,4.288194583030418
2023-09-19,CAMT,1,0.8938181818181818,"quantum,semis",0.07755539671193712,accept,0.95,"Camtek (CAMT) is a well-established semiconductor equipment company with a sensible market cap, active trading, and ample fundamental context, making it highly tractable for deep LLM analysis.",3.75e-05,2.8924123749602586
2023-09-19,FORM,2,0.7825432091928788,"quantum,semis",0.0005927682276227753,accept,0.9,"FormFactor (FORM) is an established semiconductor equipment supplier with a clear business model, sufficient market capitalization, active trading, and ample fundamental context for deep LLM analysis.",3.75e-05,4.9179300831165165
2023-09-19,INSM,3,0.7382186200953422,biotech,0.014890282131661436,accept,0.9,"INSM is a biotech company with positive momentum, indicating an active, well-known business model with likely sufficient fundamental context for LLM analysis.",3.75e-05,4.005993291037157
2023-09-19,DAWN,4,0.7318155051554955,biotech,-0.047220106626047254,uncertain,0.8,Lack of market capitalization and liquidity data prevents a confident assessment of its size and trading viability for deep LLM analysis.,3.75e-05,4.658194917021319
2023-09-19,IONS,5,0.7229707817088693,biotech,0.10789844851904107,accept,0.9,"Ionis Pharmaceuticals is an established biotech company with a clear business model, substantial market capitalization, and active trading, providing ample context for LLM analysis.",3.75e-05,3.751005500089377
2023-09-20,IONS,1,0.8639956126010138,biotech,0.08898305084745761,accept,0.9,"Ionis Pharmaceuticals is a well-established biotech company with a sensible market cap, active trading, and ample fundamental context suitable for deep LLM analysis.",3.75e-05,4.8148306659422815
2023-09-20,FORM,2,0.8075826709605349,"quantum,semis",0.052252252252252385,accept,0.9,"FormFactor (FORM) is a well-established semiconductor company with a clear business model, appropriate market capitalization, active trading, and ample fundamental context for LLM analysis.",3.75e-05,3.8232714999467134
2023-09-20,IONQ,3,0.7418899395850097,quantum,0.13747228381374743,accept,0.9,"IONQ is an established quantum computing company with a market cap within the specified range, active trading, and sufficient public information for LLM analysis.",3.75e-05,3.7256707921624184
2023-09-20,IDYA,4,0.724032696561006,biotech,-0.05675771550195108,accept,0.8,"IDYA is a biotech company with reported momentum, indicating an active and coherent business model suitable for LLM analysis.",3.75e-05,4.081844208063558
2023-09-20,AEHR,5,0.7192663974065716,quantum,0.08623120300751874,accept,0.9,"Aehr Test Systems has a coherent business model in semiconductor testing, a sensible market capitalization, active trading, and ample fundamental context for LLM analysis.",3.75e-05,4.571082666981965
2023-09-21,AEHR,1,0.762178900060599,quantum,0.07126113455227401,accept,0.9,"Aehr Test Systems has a well-established business model in semiconductor testing, a sensible market capitalization, active trading, and ample fundamental context for LLM analysis.",3.75e-05,3.275008708005771
2023-09-21,FORM,2,0.757017023861859,"quantum,semis",0.05177603853100532,accept,0.9,"FormFactor (FORM) is a well-established semiconductor company with a sensible market cap, active trading, and ample fundamental context, making it suitable for deep LLM analysis.",3.75e-05,3.236841124948114
2023-09-21,IMVT,3,0.7516127320321484,biotech,0.8827856792545365,accept,0.9,"IMVT is a biotech company with strong momentum, indicating a coherent business model, sensible market capitalization, active trading, and sufficient fundamental context for deep LLM analysis.",3.75e-05,3.5529338337946683
2023-09-21,SRPT,4,0.7337352400311632,biotech,0.010756274493454399,accept,0.9,"Sarepta Therapeutics is an established, actively traded mid-cap biotech company with a clear business model and ample fundamental context for LLM analysis.",3.75e-05,3.2296885831747204
2023-09-21,KRYS,5,0.7075723473204365,biotech,0.007469167969428536,accept,0.9,"Krystal Biotech is a commercial-stage biotech with a sensible market cap and established trading history, making it suitable for LLM analysis.",3.75e-05,5.454483457840979
2023-09-22,CAMT,1,0.8523213056848525,"quantum,semis",-0.0027755102040816215,accept,0.95,"Camtek is an established semiconductor equipment company with a clear business model, appropriate market capitalization, active trading, and sufficient fundamental context for LLM analysis.",3.75e-05,5.691128958947957
2023-09-22,IONS,2,0.7829509585583179,biotech,0.0180496952648852,accept,0.95,"Ionis Pharmaceuticals is a well-established, mid-cap biotech company with a clear business model, active trading, and ample fundamental context, making it suitable for deep LLM analysis.",3.75e-05,2.8939062079880387
2023-09-22,IMVT,3,0.7727705950528069,biotech,0.7080867850098618,accept,0.9,"Immunovant is a clinical-stage biotech with a clear business model, sufficient market capitalization, active trading, and likely fundamental context for LLM analysis.",3.75e-05,3.3193304159212857
2023-09-22,CRNX,4,0.7253561287921254,biotech,-0.08341776426882808,accept,0.9,CRNX is a well-established clinical-stage biotech company with a sensible market capitalization and likely sufficient fundamental context for LLM analysis.,3.75e-05,3.5178297909442335
2023-09-22,INSM,5,0.7169642896128109,biotech,-0.015903801396431327,accept,0.9,"INSM, as a biotech company with strong momentum indicators, likely possesses a coherent business model, sensible market capitalization, and sufficient trading activity and fundamental context for deep LLM analysis.",3.75e-05,3.771883332869038
2023-09-25,CAMT,1,1.0,"quantum,semis",0.02491408934707895,accept,0.9,"Camtek (CAMT) is an established semiconductor equipment company with a clear business model, suitable market capitalization, active trading, and ample fundamental context for LLM analysis.",3.75e-05,4.357238000025973
2023-09-25,IONS,2,0.7799614983262273,biotech,-0.06244598098530685,accept,0.9,"Ionis Pharmaceuticals is a well-established biotech company with a clear business model, likely within the target market cap range, and ample fundamental data for LLM analysis.",3.75e-05,4.310994250001386
2023-09-25,INSM,3,0.7702872605200692,biotech,-0.05626697710516104,accept,0.9,"INSM is a well-established biotech company with a sensible market capitalization, active trading, and sufficient fundamental context for deep LLM analysis.",3.75e-05,4.042293417034671
2023-09-25,ACMR,4,0.7414625381225864,quantum,0.024492234169653626,accept,0.9,"ACMR has an established business model in semiconductor equipment, a sensible market capitalization, active trading, and available fundamental context suitable for deep LLM analysis.",3.75e-05,4.773058457998559
2023-09-25,CRNX,5,0.6967963386727689,biotech,-0.04740327640292796,accept,0.9,"CRNX is a clinical-stage biotech company with a sensible market capitalization and active trading, providing sufficient fundamental context for LLM analysis.",3.75e-05,3.4821616250555962
2023-09-26,IMVT,1,1.0,biotech,-0.1393141844869038,accept,0.9,"Immunovant is a well-established clinical-stage biotech company with a sensible market capitalization, active trading, and sufficient fundamental context for deep LLM analysis.",3.75e-05,3.973231540992856
2023-09-26,IONS,2,0.9625248361522643,biotech,-0.07341396138340761,accept,0.9,"Ionis Pharmaceuticals is an established biotech company with a suitable market capitalization, active trading, and ample fundamental context for deep LLM analysis.",3.75e-05,3.8015322911087424
2023-09-26,CAMT,3,0.8039921723002021,"quantum,semis",0.008789386401326649,accept,0.9,"CAMT operates in the well-established semiconductor industry, indicating a coherent business model and likely sufficient market cap, liquidity, and fundamental context for LLM analysis.",3.75e-05,4.165165833197534
2023-09-26,INSM,4,0.7920287890673376,biotech,-0.06756756756756754,accept,0.9,"INSM is a well-established biopharmaceutical company with a sensible market capitalization, active trading, and ample fundamental context, making it suitable for deep LLM analysis.",3.75e-05,4.592476666206494
2023-09-26,CRNX,5,0.767171302686048,biotech,-0.08597930788440955,accept,0.9,"CRNX is a well-established commercial-stage biotech with a sensible market cap, active trading, and ample fundamental context, making it suitable for deep LLM analysis.",3.75e-05,3.435554916970432
2023-09-27,IONS,1,1.0,biotech,0.01275399913532227,accept,0.9,"Ionis Pharmaceuticals is a well-established biotech company with a coherent business model, sensible market capitalization, active trading, and ample fundamental context suitable for deep LLM analysis.",3.75e-05,3.908383416943252
2023-09-27,IMVT,2,0.8988863863863864,biotech,-0.07991957778336267,accept,0.9,"IMVT is a biotech stock with strong momentum, indicating sufficient trading activity and likely fundamental context for LLM analysis.",3.75e-05,4.472916042199358
2023-09-27,CAMT,3,0.8460703608551238,"quantum,semis",-0.03829854026055557,accept,0.9,"Camtek Ltd. is an established semiconductor equipment provider with a sensible market cap, active trading, and available fundamental context, making it suitable for deep LLM analysis.",3.75e-05,3.8876934580039233
2023-09-27,MTSI,4,0.8412164875104637,semis,-0.04077906269020093,accept,0.9,"MTSI operates in the well-known semiconductor industry, indicating a coherent business model and likely sufficient fundamental context for LLM analysis.",3.75e-05,3.893634916981682
2023-09-27,ACMR,5,0.7968283558669605,quantum,-0.05309250136836341,accept,0.9,"ACMR has a coherent business model in semiconductor equipment, a sensible market capitalization, active trading, and ample fundamental context for deep LLM analysis.",3.75e-05,3.9219770000781864
2023-09-28,CAMT,1,0.9975512626415617,"quantum,semis",0.01718599421779632,accept,0.95,"Camtek is a well-established semiconductor equipment company with a sensible market cap, active trading, and ample fundamental context for LLM analysis.",3.75e-05,5.122237415984273
2023-09-28,IMVT,2,0.8995745745745747,biotech,-0.056264652253190994,accept,0.9,"Immunovant (IMVT) is an established biotech company with a sensible market capitalization, active trading, and likely sufficient fundamental context for deep LLM analysis.",3.75e-05,3.7675863751210272
2023-09-28,IONS,3,0.8755294123036921,biotech,0.02270723104056449,accept,0.9,"Ionis Pharmaceuticals (IONS) is a well-established biotech company with a suitable market cap, active trading, and ample fundamental context for LLM analysis.",3.75e-05,3.4669071671087295
2023-09-28,MTSI,4,0.8292543125884052,semis,0.0014709487619515293,accept,0.9,"MTSI is a well-established semiconductor company with a coherent business model, ample fundamental context, and recent trading activity, making it highly tractable for deep LLM analysis despite its market cap exceeding the typical small/mid-cap range.",3.75e-05,7.787825082894415
2023-09-28,FORM,5,0.8057231525891624,"quantum,semis",-0.011448196908986796,accept,0.9,"FormFactor (FORM) is a well-established semiconductor company with a clear business model, sensible market capitalization, active trading, and ample fundamental context for LLM analysis.",3.75e-05,4.448596959002316
2023-09-29,MTSI,1,0.8223980140639704,semis,0.005138243210178528,accept,0.9,"MTSI operates in the well-known semiconductor industry and exhibits strong momentum, indicating a coherent business model, active trading, and likely sufficient size and fundamental context for LLM analysis.",3.75e-05,5.437403457937762
2023-09-29,IONS,2,0.7981642024652946,biotech,0.06930693069306937,accept,0.95,"Ionis Pharmaceuticals is a well-established biotech company with a sensible market cap, active trading, and ample fundamental context, making it tractable for deep LLM analysis.",3.75e-05,3.866727333050221
2023-09-29,CAMT,3,0.7721365032210933,"quantum,semis",-0.05419122462344461,accept,0.9,"Camtek is an established semiconductor equipment company with a suitable market cap, active trading, and available fundamental context, making it tractable for LLM analysis.",3.75e-05,2.990670333849266
2023-09-29,FORM,4,0.7647710612363143,"quantum,semis",0.0189910979228487,accept,0.9,"FormFactor is a well-established semiconductor company with a sensible market cap, active trading, and ample fundamental context, making it suitable for deep LLM analysis.",3.75e-05,3.4893748748581856
2023-09-29,IMVT,5,0.750024586327069,biotech,0.07505773672055427,accept,0.9,"Immunovant is a well-established clinical-stage biotech company with a clear business model, sufficient market capitalization, and likely ample fundamental data for LLM analysis.",3.75e-05,3.576243167044595
